{
  "Component.js": 1768237805272,
  "i18n/i18n.properties": 1768237805272,
  "manifest.json": 1768237805272,
  "ext/controller/UploadMF.js": 1768237805272,
  "Component-dbg.js": 1768237805272,
  "Component.js.map": 1768291896516,
  "ext/controller/UploadMF-dbg.js": 1768237805272,
  "ext/controller/UploadMF.js.map": 1768291896529,
  "Component-preload.js": 1768291896607,
  "Component-preload.js.map": 1768291896608,
  "ext/fragment/UploadDialog.fragment.xml": 1768237805272,
  "index.html": 1768237805272
}