{
  "ext/controller/UploadMF.js.map": 1768226148960,
  "Component.js": 1768219395610,
  "manifest.json": 1768221832854,
  "ext/controller/UploadMF.js": 1768222636578,
  "ext/controller/UploadMF-dbg.js": 1768222636578,
  "i18n/i18n.properties": 1768221807387,
  "Component-dbg.js": 1768219395610,
  "Component.js.map": 1768226148928,
  "Component-preload.js": 1768226149036,
  "Component-preload.js.map": 1768226149036,
  "ext/fragment/UploadDialog.fragment.xml": 1768222206975,
  "index.html": 1768219395610
}