{
  "ext/controller/UploadF-dbg.js": 1767622458907,
  "ext/controller/VinHeaderObjectPageExt.controller.js": 1766643999173,
  "ext/controller/UploadF.js": 1767622458907,
  "manifest.json": 1767972229383,
  "Component.js": 1766047981180,
  "i18n/i18n.properties": 1766048024127,
  "ext/controller/UploadF.js.map": 1768226145591,
  "ext/controller/VinHeaderObjectPageExt-dbg.controller.js": 1766643999173,
  "ext/controller/VinHeaderObjectPageExt.controller.js.map": 1768226145588,
  "Component-dbg.js": 1766047981180,
  "Component.js.map": 1768226145552,
  "Component-preload.js": 1768226145679,
  "Component-preload.js.map": 1768226145679,
  "ext/fragment/UploadDialog.fragment.xml": 1766336490138,
  "index.html": 1766047981180
}