{
  "Component.js": 1768237805280,
  "ext/controller/VinHeaderObjectPageExt.controller.js": 1768237805280,
  "ext/controller/UploadF.js": 1768237805280,
  "manifest.json": 1768237805280,
  "i18n/i18n.properties": 1768237805280,
  "ext/controller/VinHeaderObjectPageExt-dbg.controller.js": 1768237805280,
  "ext/controller/VinHeaderObjectPageExt.controller.js.map": 1768292306988,
  "ext/controller/UploadF-dbg.js": 1768237805280,
  "ext/controller/UploadF.js.map": 1768292306987,
  "Component-dbg.js": 1768237805280,
  "Component.js.map": 1768292306975,
  "Component-preload.js": 1768292307074,
  "Component-preload.js.map": 1768292307074,
  "ext/fragment/UploadDialog.fragment.xml": 1768237805280,
  "index.html": 1768237805280
}