{
  "ext/controller/VinHeaderObjectPageExt-dbg.controller.js": 1766643999173,
  "Component.js": 1766047981180,
  "ext/controller/UploadF.js": 1766811052501,
  "manifest.json": 1766641222660,
  "ext/controller/VinHeaderObjectPageExt.controller.js": 1766643999173,
  "i18n/i18n.properties": 1766048024127,
  "ext/controller/VinHeaderObjectPageExt.controller.js.map": 1767079960314,
  "ext/controller/UploadF-dbg.js": 1766811052501,
  "ext/controller/UploadF.js.map": 1767079960325,
  "Component-dbg.js": 1766047981180,
  "Component.js.map": 1767079960300,
  "Component-preload.js": 1767079960422,
  "Component-preload.js.map": 1767079960422,
  "ext/fragment/UploadDialog.fragment.xml": 1766336490138,
  "index.html": 1766047981180
}