{
  "i18n/i18n.properties": 1768237805280,
  "Component.js": 1768237805280,
  "ext/controller/UploadF.js": 1768237805280,
  "manifest.json": 1768237805280,
  "ext/controller/VinHeaderObjectPageExt.controller.js": 1768237805280,
  "ext/controller/UploadF-dbg.js": 1768237805280,
  "ext/controller/UploadF.js.map": 1768291893521,
  "Component-dbg.js": 1768237805280,
  "Component.js.map": 1768291893520,
  "ext/controller/VinHeaderObjectPageExt-dbg.controller.js": 1768237805280,
  "ext/controller/VinHeaderObjectPageExt.controller.js.map": 1768291893508,
  "Component-preload.js": 1768291893607,
  "Component-preload.js.map": 1768291893607,
  "ext/fragment/UploadDialog.fragment.xml": 1768237805280,
  "index.html": 1768237805280
}