{
  "welcomeFile": "/index.html",
  "authenticationMethod": "route",
  "routes": [
    {
      "source": "^/odata/(.*)$",
      "target": "/odata/$1",
      "destination": "srv-api",
      "authenticationType": "xsuaa",
      "csrfProtection": true
    },
    {
      "source": "^/resources/(.*)$",
      "target": "/resources/$1",
      "authenticationType": "none",
      "destination": "ui5"
    },
    {
      "source": "^/test-resources/(.*)$",
      "target": "/test-resources/$1",
      "authenticationType": "none",
      "destination": "ui5"
    },
    {
      "source": "^(.*)$",
      "target": "$1",
      "service": "html5-apps-repo-rt",
      "authenticationType": "xsuaa"
    }
  ],
  "cors": [
    {
     "uriPattern": "(.*)",
      "allowedMethods": [
        "GET",
        "POST",
        "OPTIONS",
        "PATCH",
        "PUT",
        "DELETE"
      ],
      "allowedOrigin": ["*"],
      "allowedHeaders": [
        "Accept",
        "Authorization",
        "Content-Type",
        "Access-Control-Allow-Credentials",
        "sap-c4c-rawagent",
        "X-Csrf-Token",
        "If-Match"
      ],
      "exposeHeaders": [
        "ETag",
        "X-Csrf-Token"
      ]
    }
  ]
}
